22Rv1	CCLE-22Rv1-RNA-08	22RV1_PROSTATE
23132/87	CCLE-23132/87-RNA-08	2313287_STOMACH
253J-BV	CCLE-253J-BV-RNA-08	253JBV_URINARY_TRACT
253J	CCLE-253J-RNA-08	253J_URINARY_TRACT
42-MG-BA	CCLE-42-MG-BA-RNA-08	42MGBA_CENTRAL_NERVOUS_SYSTEM
5637	CCLE-5637-RNA-08	5637_URINARY_TRACT
59M	CCLE-59M-RNA-08	59M_OVARY
639-V	CCLE-639-V-RNA-08	639V_URINARY_TRACT
647-V	CCLE-647-V-RNA-08	647V_URINARY_TRACT
697	CCLE-697-RNA-08	697_HAEMATOPOIETIC_AND_LYMPHOID_TISSUE
769-P	CCLE-769-P-RNA-08	769P_KIDNEY
786-O	CCLE-786-O-RNA-08	786O_KIDNEY
8305C	CCLE-8305C-RNA-08	8305C_THYROID
8505C	CCLE-8505C-RNA-08	8505C_THYROID
8-MG-BA	CCLE-8-MG-BA-RNA-08	8MGBA_CENTRAL_NERVOUS_SYSTEM
A101D	CCLE-A101D-RNA-08	A101D_SKIN
A172	CCLE-A172-RNA-08	A172_CENTRAL_NERVOUS_SYSTEM
A-204	CCLE-A-204-RNA-08	A204_SOFT_TISSUE
A2058	CCLE-A2058-RNA-08	A2058_SKIN
A-253	CCLE-A-253-RNA-08	A253_SALIVARY_GLAND
A2780	CCLE-A2780-RNA-08	A2780_OVARY
A-375	CCLE-A-375-RNA-08	A375_SKIN
A3/KAW	CCLE-A3/KAW-RNA-08	A3KAW_HAEMATOPOIETIC_AND_LYMPHOID_TISSUE
A-498	CCLE-A-498-RNA-08	A498_KIDNEY
A4/Fuk	CCLE-A4/Fuk-RNA-08	A4FUK_HAEMATOPOIETIC_AND_LYMPHOID_TISSUE
A549	CCLE-A549-RNA-08	A549_LUNG
A-673	CCLE-A-673-RNA-08	A673_BONE
A-704	CCLE-A-704-RNA-08	A704_KIDNEY
ABC-1	CCLE-ABC-1-RNA-08	ABC1_LUNG
ACC-MESO-1	CCLE-ACC-MESO-1-RNA-08	ACCMESO1_PLEURA
ACHN	CCLE-ACHN-RNA-08	ACHN_KIDNEY
AGS	CCLE-AGS-RNA-08	AGS_STOMACH
ALL-SIL	CCLE-ALL-SIL-RNA-08	ALLSIL_HAEMATOPOIETIC_AND_LYMPHOID_TISSUE
AM-38	CCLE-AM-38-RNA-08	AM38_CENTRAL_NERVOUS_SYSTEM
AML-193	CCLE-AML-193-RNA-08	AML193_HAEMATOPOIETIC_AND_LYMPHOID_TISSUE
AMO-1	CCLE-AMO-1-RNA-08	AMO1_HAEMATOPOIETIC_AND_LYMPHOID_TISSUE
AN3 CA	CCLE-AN3 CA-RNA-08	AN3CA_ENDOMETRIUM
AsPC-1	CCLE-AsPC-1-RNA-08	ASPC1_PANCREAS
AU565	CCLE-AU565-RNA-08	AU565_BREAST
BC-3C	CCLE-BC-3C-RNA-08	BC3C_URINARY_TRACT
BCP-1	CCLE-BCP-1-RNA-08	BCP1_HAEMATOPOIETIC_AND_LYMPHOID_TISSUE
B-CPAP	CCLE-B-CPAP-RNA-08	BCPAP_THYROID
BDCM	CCLE-BDCM-RNA-08	BDCM_HAEMATOPOIETIC_AND_LYMPHOID_TISSUE
BEN	CCLE-BEN-RNA-08	BEN_LUNG
BFTC-905	CCLE-BFTC-905-RNA-08	BFTC905_URINARY_TRACT
BFTC-909	CCLE-BFTC-909-RNA-08	BFTC909_KIDNEY
BHT-101	CCLE-BHT-101-RNA-08	BHT101_THYROID
BHY	CCLE-BHY-RNA-08	BHY_UPPER_AERODIGESTIVE_TRACT
BICR 16	CCLE-BICR 16-RNA-08	BICR16_UPPER_AERODIGESTIVE_TRACT
BICR 18	CCLE-BICR 18-RNA-08	BICR18_UPPER_AERODIGESTIVE_TRACT
BICR 22	CCLE-BICR 22-RNA-08	BICR22_UPPER_AERODIGESTIVE_TRACT
BICR 31	CCLE-BICR 31-RNA-08	BICR31_UPPER_AERODIGESTIVE_TRACT
BICR 56	CCLE-BICR 56-RNA-08	BICR56_UPPER_AERODIGESTIVE_TRACT
BICR 6	CCLE-BICR 6-RNA-08	BICR6_UPPER_AERODIGESTIVE_TRACT
BL-41	CCLE-BL-41-RNA-08	BL41_HAEMATOPOIETIC_AND_LYMPHOID_TISSUE
BL-70	CCLE-BL-70-RNA-08	BL70_HAEMATOPOIETIC_AND_LYMPHOID_TISSUE
BT-20	CCLE-BT-20-RNA-08	BT20_BREAST
BT-474	CCLE-BT-474-RNA-08	BT474_BREAST
BT-483	CCLE-BT-483-RNA-08	BT483_BREAST
BT-549	CCLE-BT-549-RNA-08	BT549_BREAST
BV-173	CCLE-BV-173-RNA-08	BV173_HAEMATOPOIETIC_AND_LYMPHOID_TISSUE
BxPC-3	CCLE-BxPC-3-RNA-08	BXPC3_PANCREAS
C2BBe1	CCLE-C2BBe1-RNA-08	C2BBE1_LARGE_INTESTINE
C32	CCLE-C32-RNA-08	C32_SKIN
CA46	CCLE-CA46-RNA-08	CA46_HAEMATOPOIETIC_AND_LYMPHOID_TISSUE
CADO-ES1	CCLE-CADO-ES1-RNA-08	CADOES1_BONE
Caki-1	CCLE-Caki-1-RNA-08	CAKI1_KIDNEY
Caki-2	CCLE-Caki-2-RNA-08	CAKI2_KIDNEY
CAL-120	CCLE-CAL-120-RNA-08	CAL120_BREAST
CAL-12T	CCLE-CAL-12T-RNA-08	CAL12T_LUNG
CAL-148	CCLE-CAL-148-RNA-08	CAL148_BREAST
CAL 27	CCLE-CAL 27-RNA-08	CAL27_UPPER_AERODIGESTIVE_TRACT
CAL-29	CCLE-CAL-29-RNA-08	CAL29_URINARY_TRACT
CAL-33	CCLE-CAL-33-RNA-08	CAL33_UPPER_AERODIGESTIVE_TRACT
CAL-51	CCLE-CAL-51-RNA-08	CAL51_BREAST
CAL-54	CCLE-CAL-54-RNA-08	CAL54_KIDNEY
CAL-62	CCLE-CAL-62-RNA-08	CAL62_THYROID
CAL-78	CCLE-CAL-78-RNA-08	CAL78_BONE
CAL-85-1	CCLE-CAL-85-1-RNA-08	CAL851_BREAST
Calu-1	CCLE-Calu-1-RNA-08	CALU1_LUNG
Calu-3	CCLE-Calu-3-RNA-08	CALU3_LUNG
Calu-6	CCLE-Calu-6-RNA-08	CALU6_LUNG
CAMA-1	CCLE-CAMA-1-RNA-08	CAMA1_BREAST
Caov-3	CCLE-Caov-3-RNA-08	CAOV3_OVARY
Caov-4	CCLE-Caov-4-RNA-08	CAOV4_OVARY
Capan-1	CCLE-Capan-1-RNA-08	CAPAN1_PANCREAS
Capan-2	CCLE-Capan-2-RNA-08	CAPAN2_PANCREAS
CAS-1	CCLE-CAS-1-RNA-08	CAS1_CENTRAL_NERVOUS_SYSTEM
CCF-STTG1	CCLE-CCF-STTG1-RNA-08	CCFSTTG1_CENTRAL_NERVOUS_SYSTEM
CCK-81	CCLE-CCK-81-RNA-08	CCK81_LARGE_INTESTINE
CFPAC-1	CCLE-CFPAC-1-RNA-08	CFPAC1_PANCREAS
ChaGo-K-1	CCLE-ChaGo-K-1-RNA-08	CHAGOK1_LUNG
CHP-126	CCLE-CHP-126-RNA-08	CHP126_AUTONOMIC_GANGLIA
CHP-212	CCLE-CHP-212-RNA-08	CHP212_AUTONOMIC_GANGLIA
CI-1	CCLE-CI-1-RNA-08	CI1_HAEMATOPOIETIC_AND_LYMPHOID_TISSUE
CJM	CCLE-CJM-RNA-08	CJM_SKIN
CL-11	CCLE-CL-11-RNA-08	CL11_LARGE_INTESTINE
CL-14	CCLE-CL-14-RNA-08	CL14_LARGE_INTESTINE
CL-34	CCLE-CL-34-RNA-08	CL34_LARGE_INTESTINE
CL-40	CCLE-CL-40-RNA-08	CL40_LARGE_INTESTINE
CMK	CCLE-CMK-RNA-08	CMK_HAEMATOPOIETIC_AND_LYMPHOID_TISSUE
CML-T1	CCLE-CML-T1-RNA-08	CMLT1_HAEMATOPOIETIC_AND_LYMPHOID_TISSUE
COLO 201	CCLE-COLO 201-RNA-08	COLO201_LARGE_INTESTINE
COLO-320	CCLE-COLO-320-RNA-08	COLO320_LARGE_INTESTINE
COLO 668	CCLE-COLO 668-RNA-08	COLO668_LUNG
COLO-678	CCLE-COLO-678-RNA-08	COLO678_LARGE_INTESTINE
COLO-679	CCLE-COLO-679-RNA-08	COLO679_SKIN
COLO-680N	CCLE-COLO-680N-RNA-08	COLO680N_OESOPHAGUS
COLO 684	CCLE-COLO 684-RNA-08	COLO684_ENDOMETRIUM
COLO 741	CCLE-COLO 741-RNA-08	COLO741_SKIN
COLO-783	CCLE-COLO-783-RNA-08	COLO783_SKIN
COLO 792	CCLE-COLO 792-RNA-08	COLO792_SKIN
COLO-800	CCLE-COLO-800-RNA-08	COLO800_SKIN
COLO 829	CCLE-COLO 829-RNA-08	COLO829_SKIN
COR-L105	CCLE-COR-L105-RNA-08	CORL105_LUNG
COR-L23	CCLE-COR-L23-RNA-08	CORL23_LUNG
COR-L24	CCLE-COR-L24-RNA-08	CORL24_LUNG
COR-L279	CCLE-COR-L279-RNA-08	CORL279_LUNG
COR-L311	CCLE-COR-L311-RNA-08	CORL311_LUNG
COR-L47	CCLE-COR-L47-RNA-08	CORL47_LUNG
COR-L88	CCLE-COR-L88-RNA-08	CORL88_LUNG
COR-L95	CCLE-COR-L95-RNA-08	CORL95_LUNG
COV318	CCLE-COV318-RNA-08	COV318_OVARY
COV362	CCLE-COV362-RNA-08	COV362_OVARY
COV434	CCLE-COV434-RNA-08	COV434_OVARY
COV504	CCLE-COV504-RNA-08	COV504_OVARY
COV644	CCLE-COV644-RNA-08	COV644_OVARY
CW-2	CCLE-CW-2-RNA-08	CW2_LARGE_INTESTINE
D283 Med	CCLE-D283 Med-RNA-08	D283MED_CENTRAL_NERVOUS_SYSTEM
D341 Med	CCLE-D341 Med-RNA-08	D341MED_CENTRAL_NERVOUS_SYSTEM
DAN-G	CCLE-DAN-G-RNA-08	DANG_PANCREAS
Daoy	CCLE-Daoy-RNA-08	DAOY_CENTRAL_NERVOUS_SYSTEM
Daudi	CCLE-Daudi-RNA-08	DAUDI_HAEMATOPOIETIC_AND_LYMPHOID_TISSUE
DB	CCLE-DB-RNA-08	DB_HAEMATOPOIETIC_AND_LYMPHOID_TISSUE
DBTRG-05MG	CCLE-DBTRG-05MG-RNA-08	DBTRG05MG_CENTRAL_NERVOUS_SYSTEM
DEL	CCLE-DEL-RNA-08	DEL_HAEMATOPOIETIC_AND_LYMPHOID_TISSUE
Detroit 562	CCLE-Detroit 562-RNA-08	DETROIT562_UPPER_AERODIGESTIVE_TRACT
DK-MG	CCLE-DK-MG-RNA-08	DKMG_CENTRAL_NERVOUS_SYSTEM
DM-3	CCLE-DM-3-RNA-08	DM3_PLEURA
DMS 114	CCLE-DMS 114-RNA-08	DMS114_LUNG
DMS 153	CCLE-DMS 153-RNA-08	DMS153_LUNG
DMS 273	CCLE-DMS 273-RNA-08	DMS273_LUNG
DMS 454	CCLE-DMS 454-RNA-08	DMS454_LUNG
DMS 53	CCLE-DMS 53-RNA-08	DMS53_LUNG
DMS 79	CCLE-DMS 79-RNA-08	DMS79_LUNG
DND-41	CCLE-DND-41-RNA-08	DND41_HAEMATOPOIETIC_AND_LYMPHOID_TISSUE
DOHH-2	CCLE-DOHH-2-RNA-08	DOHH2_HAEMATOPOIETIC_AND_LYMPHOID_TISSUE
DU 145	CCLE-DU 145-RNA-08	DU145_PROSTATE
DU4475	CCLE-DU4475-RNA-08	DU4475_BREAST
DV-90	CCLE-DV-90-RNA-08	DV90_LUNG
EB1	CCLE-EB1-RNA-08	EB1_HAEMATOPOIETIC_AND_LYMPHOID_TISSUE
EBC-1	CCLE-EBC-1-RNA-08	EBC1_LUNG
ECC10	CCLE-ECC10-RNA-08	ECC10_STOMACH
ECC12	CCLE-ECC12-RNA-08	ECC12_STOMACH
EC-GI-10	CCLE-EC-GI-10-RNA-08	ECGI10_OESOPHAGUS
EFE-184	CCLE-EFE-184-RNA-08	EFE184_ENDOMETRIUM
EFM-192A	CCLE-EFM-192A-RNA-08	EFM192A_BREAST
EFM-19	CCLE-EFM-19-RNA-08	EFM19_BREAST
EFO-21	CCLE-EFO-21-RNA-08	EFO21_OVARY
EFO-27	CCLE-EFO-27-RNA-08	EFO27_OVARY
EHEB	CCLE-EHEB-RNA-08	EHEB_HAEMATOPOIETIC_AND_LYMPHOID_TISSUE
EJM	CCLE-EJM-RNA-08	EJM_HAEMATOPOIETIC_AND_LYMPHOID_TISSUE
EM-2	CCLE-EM-2-RNA-08	EM2_HAEMATOPOIETIC_AND_LYMPHOID_TISSUE
EN	CCLE-EN-RNA-08	EN_ENDOMETRIUM
EOL-1	CCLE-EOL-1-RNA-08	EOL1_HAEMATOPOIETIC_AND_LYMPHOID_TISSUE
EPLC-272H	CCLE-EPLC-272H-RNA-08	EPLC272H_LUNG
ES-2	CCLE-ES-2-RNA-08	ES2_OVARY
ESS-1	CCLE-ESS-1-RNA-08	ESS1_ENDOMETRIUM
F-36P	CCLE-F-36P-RNA-08	F36P_HAEMATOPOIETIC_AND_LYMPHOID_TISSUE
FaDu	CCLE-FaDu-RNA-08	FADU_UPPER_AERODIGESTIVE_TRACT
FTC-133	CCLE-FTC-133-RNA-08	FTC133_THYROID
FTC-238	CCLE-FTC-238-RNA-08	FTC238_THYROID
FU97	CCLE-FU97-RNA-08	FU97_STOMACH
FU-OV-1	CCLE-FU-OV-1-RNA-08	FUOV1_OVARY
G-292, clone A141B1	CCLE-G-292, clone A141B1-RNA-08	G292CLONEA141B1_BONE
G-361	CCLE-G-361-RNA-08	G361_SKIN
G-401	CCLE-G-401-RNA-08	G401_SOFT_TISSUE
G-402	CCLE-G-402-RNA-08	G402_SOFT_TISSUE
GA-10	CCLE-GA-10-RNA-08	GA10_HAEMATOPOIETIC_AND_LYMPHOID_TISSUE
GAMG	CCLE-GAMG-RNA-08	GAMG_CENTRAL_NERVOUS_SYSTEM
GB-1	CCLE-GB-1-RNA-08	GB1_CENTRAL_NERVOUS_SYSTEM
GCIY	CCLE-GCIY-RNA-08	GCIY_STOMACH
GCT	CCLE-GCT-RNA-08	GCT_SOFT_TISSUE
GDM-1	CCLE-GDM-1-RNA-08	GDM1_HAEMATOPOIETIC_AND_LYMPHOID_TISSUE
GI-1	CCLE-GI-1-RNA-08	GI1_CENTRAL_NERVOUS_SYSTEM
GMS-10	CCLE-GMS-10-RNA-08	GMS10_CENTRAL_NERVOUS_SYSTEM
GOS-3	CCLE-GOS-3-RNA-08	GOS3_CENTRAL_NERVOUS_SYSTEM
GP2d	CCLE-GP2d-RNA-08	GP2D_LARGE_INTESTINE
GRANTA-519	CCLE-GRANTA-519-RNA-08	GRANTA519_HAEMATOPOIETIC_AND_LYMPHOID_TISSUE
GSS	CCLE-GSS-RNA-08	GSS_STOMACH
GSU	CCLE-GSU-RNA-08	GSU_STOMACH
H4	CCLE-H4-RNA-08	H4_CENTRAL_NERVOUS_SYSTEM
HARA	CCLE-HARA-RNA-08	HARA_LUNG
HCC1143	CCLE-HCC1143-RNA-08	HCC1143_BREAST
HCC-1171	CCLE-HCC-1171-RNA-08	HCC1171_LUNG
HCC1187	CCLE-HCC1187-RNA-08	HCC1187_BREAST
HCC-1195	CCLE-HCC-1195-RNA-08	HCC1195_LUNG
HCC-1359	CCLE-HCC-1359-RNA-08	HCC1359_LUNG
HCC1395	CCLE-HCC1395-RNA-08	HCC1395_BREAST
HCC1419	CCLE-HCC1419-RNA-08	HCC1419_BREAST
HCC1428	CCLE-HCC1428-RNA-08	HCC1428_BREAST
HCC-1438	CCLE-HCC-1438-RNA-08	HCC1438_LUNG
HCC1500	CCLE-HCC1500-RNA-08	HCC1500_BREAST
HCC1569	CCLE-HCC1569-RNA-08	HCC1569_BREAST
HCC-1588	CCLE-HCC-1588-RNA-08	HCC1588_LUNG
HCC1599	CCLE-HCC1599-RNA-08	HCC1599_BREAST
HCC-15	CCLE-HCC-15-RNA-08	HCC15_LUNG
HCC1806	CCLE-HCC1806-RNA-08	HCC1806_BREAST
HCC-1833	CCLE-HCC-1833-RNA-08	HCC1833_LUNG
HCC1937	CCLE-HCC1937-RNA-08	HCC1937_BREAST
HCC1954	CCLE-HCC1954-RNA-08	HCC1954_BREAST
HCC202	CCLE-HCC202-RNA-08	HCC202_BREAST
HCC-2108	CCLE-HCC-2108-RNA-08	HCC2108_LUNG
HCC2157	CCLE-HCC2157-RNA-08	HCC2157_BREAST
HCC2218	CCLE-HCC2218-RNA-08	HCC2218_BREAST
HCC-2279	CCLE-HCC-2279-RNA-08	HCC2279_LUNG
HCC2935	CCLE-HCC2935-RNA-08	HCC2935_LUNG
HCC-33	CCLE-HCC-33-RNA-08	HCC33_LUNG
HCC-366	CCLE-HCC-366-RNA-08	HCC366_LUNG
HCC38	CCLE-HCC38-RNA-08	HCC38_BREAST
HCC4006	CCLE-HCC4006-RNA-08	HCC4006_LUNG
HCC-44	CCLE-HCC-44-RNA-08	HCC44_LUNG
HCC-56	CCLE-HCC-56-RNA-08	HCC56_LARGE_INTESTINE
HCC70	CCLE-HCC70-RNA-08	HCC70_BREAST
HCC-78	CCLE-HCC-78-RNA-08	HCC78_LUNG
HCC827	CCLE-HCC827-RNA-08	HCC827_LUNG
HCC-95	CCLE-HCC-95-RNA-08	HCC95_LUNG
HCT 116	CCLE-HCT 116-RNA-08	HCT116_LARGE_INTESTINE
HCT-15	CCLE-HCT-15-RNA-08	HCT15_LARGE_INTESTINE
HD-MY-Z	CCLE-HD-MY-Z-RNA-08	HDMYZ_HAEMATOPOIETIC_AND_LYMPHOID_TISSUE
HDQ-P1	CCLE-HDQ-P1-RNA-08	HDQP1_BREAST
HEC-108	CCLE-HEC-108-RNA-08	HEC108_ENDOMETRIUM
HEC-151	CCLE-HEC-151-RNA-08	HEC151_ENDOMETRIUM
HEC-1-A	CCLE-HEC-1-A-RNA-08	HEC1A_ENDOMETRIUM
HEC-1-B	CCLE-HEC-1-B-RNA-08	HEC1B_ENDOMETRIUM
HEC-251	CCLE-HEC-251-RNA-08	HEC251_ENDOMETRIUM
HEC-265	CCLE-HEC-265-RNA-08	HEC265_ENDOMETRIUM
HEC-50B	CCLE-HEC-50B-RNA-08	HEC50B_ENDOMETRIUM
HEC-59	CCLE-HEC-59-RNA-08	HEC59_ENDOMETRIUM
HEC-6	CCLE-HEC-6-RNA-08	HEC6_ENDOMETRIUM
HEL 92.1.7	CCLE-HEL 92.1.7-RNA-08	HEL9217_HAEMATOPOIETIC_AND_LYMPHOID_TISSUE
HEL	CCLE-HEL-RNA-08	HEL_HAEMATOPOIETIC_AND_LYMPHOID_TISSUE
Hep 3B2.1-7	CCLE-Hep 3B2.1-7-RNA-08	HEP3B217_LIVER
Hep G2	CCLE-Hep G2-RNA-08	HEPG2_LIVER
Hey-A8	CCLE-Hey-A8-RNA-08	HEYA8_OVARY
HGC-27	CCLE-HGC-27-RNA-08	HGC27_STOMACH
HH	CCLE-HH-RNA-08	HH_HAEMATOPOIETIC_AND_LYMPHOID_TISSUE
HL-60	CCLE-HL-60-RNA-08	HL60_HAEMATOPOIETIC_AND_LYMPHOID_TISSUE
HLF-a	CCLE-HLF-a-RNA-08	HLFA_LUNG
HLF	CCLE-HLF-RNA-08	HLF_LIVER
HMC-1-8	CCLE-HMC-1-8-RNA-08	HMC18_BREAST
HMCB	CCLE-HMCB-RNA-08	HMCB_SKIN
HOS	CCLE-HOS-RNA-08	HOS_BONE
HPAC	CCLE-HPAC-RNA-08	HPAC_PANCREAS
HPAF-II	CCLE-HPAF-II-RNA-08	HPAFII_PANCREAS
HPB-ALL	CCLE-HPB-ALL-RNA-08	HPBALL_HAEMATOPOIETIC_AND_LYMPHOID_TISSUE
Hs 172.T	CCLE-Hs 172.T-RNA-08	HS172T_URINARY_TRACT
Hs 229.T	CCLE-Hs 229.T-RNA-08	HS229T_LUNG
Hs 255.T	CCLE-Hs 255.T-RNA-08	HS255T_LARGE_INTESTINE
Hs 281.T	CCLE-Hs 281.T-RNA-08	HS281T_BREAST
Hs 294T	CCLE-Hs 294T-RNA-08	HS294T_SKIN
Hs 343.T	CCLE-Hs 343.T-RNA-08	HS343T_BREAST
Hs 578T	CCLE-Hs 578T-RNA-08	HS578T_BREAST
Hs 600.T	CCLE-Hs 600.T-RNA-08	HS600T_SKIN
Hs 606.T	CCLE-Hs 606.T-RNA-08	HS606T_BREAST
Hs 611.T	CCLE-Hs 611.T-RNA-08	HS611T_HAEMATOPOIETIC_AND_LYMPHOID_TISSUE
Hs 616.T	CCLE-Hs 616.T-RNA-08	HS616T_HAEMATOPOIETIC_AND_LYMPHOID_TISSUE
Hs 618.T	CCLE-Hs 618.T-RNA-08	HS618T_LUNG
Hs 675.T	CCLE-Hs 675.T-RNA-08	HS675T_LARGE_INTESTINE
Hs 683	CCLE-Hs 683-RNA-08	HS683_CENTRAL_NERVOUS_SYSTEM
Hs 688(A).T	CCLE-Hs 688(A).T-RNA-08	HS688AT_SKIN
Hs 695T	CCLE-Hs 695T-RNA-08	HS695T_SKIN
Hs 698.T	CCLE-Hs 698.T-RNA-08	HS698T_LARGE_INTESTINE
Hs 706.T	CCLE-Hs 706.T-RNA-08	HS706T_BONE
Hs 729	CCLE-Hs 729-RNA-08	HS729_SOFT_TISSUE
Hs 737.T	CCLE-Hs 737.T-RNA-08	HS737T_BONE
Hs 739.T	CCLE-Hs 739.T-RNA-08	HS739T_BREAST
Hs 742.T	CCLE-Hs 742.T-RNA-08	HS742T_BREAST
Hs 746T	CCLE-Hs 746T-RNA-08	HS746T_STOMACH
Hs 766T	CCLE-Hs 766T-RNA-08	HS766T_PANCREAS
Hs 819.T	CCLE-Hs 819.T-RNA-08	HS819T_BONE
Hs 821.T	CCLE-Hs 821.T-RNA-08	HS821T_BONE
Hs 822.T	CCLE-Hs 822.T-RNA-08	HS822T_BONE
Hs 834.T	CCLE-Hs 834.T-RNA-08	HS834T_SKIN
Hs 839.T	CCLE-Hs 839.T-RNA-08	HS839T_SKIN
Hs 840.T	CCLE-Hs 840.T-RNA-08	HS840T_UPPER_AERODIGESTIVE_TRACT
Hs 852.T	CCLE-Hs 852.T-RNA-08	HS852T_SKIN
Hs 863.T	CCLE-Hs 863.T-RNA-08	HS863T_BONE
Hs 870.T	CCLE-Hs 870.T-RNA-08	HS870T_BONE
Hs 888.T	CCLE-Hs 888.T-RNA-08	HS888T_BONE
Hs 895.T	CCLE-Hs 895.T-RNA-08	HS895T_SKIN
Hs 934.T	CCLE-Hs 934.T-RNA-08	HS934T_SKIN
Hs 936.T	CCLE-Hs 936.T-RNA-08	HS936T_SKIN
Hs 939.T	CCLE-Hs 939.T-RNA-08	HS939T_SKIN
Hs 940.T	CCLE-Hs 940.T-RNA-08	HS940T_SKIN
Hs 944.T	CCLE-Hs 944.T-RNA-08	HS944T_SKIN
HSC-2	CCLE-HSC-2-RNA-08	HSC2_UPPER_AERODIGESTIVE_TRACT
HSC-3	CCLE-HSC-3-RNA-08	HSC3_UPPER_AERODIGESTIVE_TRACT
HSC-4	CCLE-HSC-4-RNA-08	HSC4_UPPER_AERODIGESTIVE_TRACT
HT-1080	CCLE-HT-1080-RNA-08	HT1080_SOFT_TISSUE
HT115	CCLE-HT115-RNA-08	HT115_LARGE_INTESTINE
HT-1197	CCLE-HT-1197-RNA-08	HT1197_URINARY_TRACT
HT-1376	CCLE-HT-1376-RNA-08	HT1376_URINARY_TRACT
HT-144	CCLE-HT-144-RNA-08	HT144_SKIN
HT-29	CCLE-HT-29-RNA-08	HT29_LARGE_INTESTINE
HT55	CCLE-HT55-RNA-08	HT55_LARGE_INTESTINE
HT	CCLE-HT-RNA-08	HT_HAEMATOPOIETIC_AND_LYMPHOID_TISSUE
HuCCT1	CCLE-HuCCT1-RNA-08	HUCCT1_BILIARY_TRACT
HuG1-N	CCLE-HuG1-N-RNA-08	HUG1N_STOMACH
huH-1	CCLE-huH-1-RNA-08	HUH1_LIVER
HuH28	CCLE-HuH28-RNA-08	HUH28_BILIARY_TRACT
HuH-6	CCLE-HuH-6-RNA-08	HUH6_LIVER
HuH-7	CCLE-HuH-7-RNA-08	HUH7_LIVER
HuNS1	CCLE-HuNS1-RNA-08	HUNS1_HAEMATOPOIETIC_AND_LYMPHOID_TISSUE
HUP-T3	CCLE-HUP-T3-RNA-08	HUPT3_PANCREAS
HUP-T4	CCLE-HUP-T4-RNA-08	HUPT4_PANCREAS
HuT 102	CCLE-HuT 102-RNA-08	HUT102_HAEMATOPOIETIC_AND_LYMPHOID_TISSUE
HuT 78	CCLE-HuT 78-RNA-08	HUT78_HAEMATOPOIETIC_AND_LYMPHOID_TISSUE
HuTu 80	CCLE-HuTu 80-RNA-08	HUTU80_SMALL_INTESTINE
IA-LM	CCLE-IA-LM-RNA-08	IALM_LUNG
IGR-1	CCLE-IGR-1-RNA-08	IGR1_SKIN
IGR-37	CCLE-IGR-37-RNA-08	IGR37_SKIN
IGROV1	CCLE-IGROV1-RNA-08	IGROV1_OVARY
IM95	CCLE-IM95-RNA-08	IM95_STOMACH
IMR-32	CCLE-IMR-32-RNA-08	IMR32_AUTONOMIC_GANGLIA
IPC-298	CCLE-IPC-298-RNA-08	IPC298_SKIN
Ishikawa (Heraklio) 02 ER-	CCLE-Ishikawa (Heraklio) 02 ER--RNA-08	ISHIKAWAHERAKLIO02ER_ENDOMETRIUM
IST-MES1	CCLE-IST-MES1-RNA-08	ISTMES1_PLEURA
IST-MES2	CCLE-IST-MES2-RNA-08	ISTMES2_PLEURA
J82	CCLE-J82-RNA-08	J82_URINARY_TRACT
JeKo-1	CCLE-JeKo-1-RNA-08	JEKO1_HAEMATOPOIETIC_AND_LYMPHOID_TISSUE
JHH-1	CCLE-JHH-1-RNA-08	JHH1_LIVER
JHH-2	CCLE-JHH-2-RNA-08	JHH2_LIVER
JHH-4	CCLE-JHH-4-RNA-08	JHH4_LIVER
JHH-5	CCLE-JHH-5-RNA-08	JHH5_LIVER
JHH-6	CCLE-JHH-6-RNA-08	JHH6_LIVER
JHH-7	CCLE-JHH-7-RNA-08	JHH7_LIVER
JHOC-5	CCLE-JHOC-5-RNA-08	JHOC5_OVARY
JHOM-1	CCLE-JHOM-1-RNA-08	JHOM1_OVARY
JHOM-2B	CCLE-JHOM-2B-RNA-08	JHOM2B_OVARY
JHOS-2	CCLE-JHOS-2-RNA-08	JHOS2_OVARY
JHOS-4	CCLE-JHOS-4-RNA-08	JHOS4_OVARY
JHUEM-1	CCLE-JHUEM-1-RNA-08	JHUEM1_ENDOMETRIUM
JHUEM-2	CCLE-JHUEM-2-RNA-08	JHUEM2_ENDOMETRIUM
JHUEM-3	CCLE-JHUEM-3-RNA-08	JHUEM3_ENDOMETRIUM
JIMT-1	CCLE-JIMT-1-RNA-08	JIMT1_BREAST
JJN-3	CCLE-JJN-3-RNA-08	JJN3_HAEMATOPOIETIC_AND_LYMPHOID_TISSUE
JK-1	CCLE-JK-1-RNA-08	JK1_HAEMATOPOIETIC_AND_LYMPHOID_TISSUE
JL-1	CCLE-JL-1-RNA-08	JL1_PLEURA
JM1	CCLE-JM1-RNA-08	JM1_HAEMATOPOIETIC_AND_LYMPHOID_TISSUE
JMSU-1	CCLE-JMSU-1-RNA-08	JMSU1_URINARY_TRACT
JURKAT	CCLE-JURKAT-RNA-08	JURKAT_HAEMATOPOIETIC_AND_LYMPHOID_TISSUE
JURL-MK1	CCLE-JURL-MK1-RNA-08	JURLMK1_HAEMATOPOIETIC_AND_LYMPHOID_TISSUE
JVM-2	CCLE-JVM-2-RNA-08	JVM2_HAEMATOPOIETIC_AND_LYMPHOID_TISSUE
JVM-3	CCLE-JVM-3-RNA-08	JVM3_HAEMATOPOIETIC_AND_LYMPHOID_TISSUE
K029AX	CCLE-K029AX-RNA-08	K029AX_SKIN
K-562	CCLE-K-562-RNA-08	K562_HAEMATOPOIETIC_AND_LYMPHOID_TISSUE
KALS-1	CCLE-KALS-1-RNA-08	KALS1_CENTRAL_NERVOUS_SYSTEM
KARPAS-299	CCLE-KARPAS-299-RNA-08	KARPAS299_HAEMATOPOIETIC_AND_LYMPHOID_TISSUE
KARPAS-422	CCLE-KARPAS-422-RNA-08	KARPAS422_HAEMATOPOIETIC_AND_LYMPHOID_TISSUE
KARPAS-620	CCLE-KARPAS-620-RNA-08	KARPAS620_HAEMATOPOIETIC_AND_LYMPHOID_TISSUE
KASUMI-1	CCLE-KASUMI-1-RNA-08	KASUMI1_HAEMATOPOIETIC_AND_LYMPHOID_TISSUE
KASUMI-2	CCLE-KASUMI-2-RNA-08	KASUMI2_HAEMATOPOIETIC_AND_LYMPHOID_TISSUE
Kasumi-6	CCLE-Kasumi-6-RNA-08	KASUMI6_HAEMATOPOIETIC_AND_LYMPHOID_TISSUE
KATO III	CCLE-KATO III-RNA-08	KATOIII_STOMACH
KCL-22	CCLE-KCL-22-RNA-08	KCL22_HAEMATOPOIETIC_AND_LYMPHOID_TISSUE
KE-37	CCLE-KE-37-RNA-08	KE37_HAEMATOPOIETIC_AND_LYMPHOID_TISSUE
KE-39	CCLE-KE-39-RNA-08	KE39_STOMACH
KE-97	CCLE-KE-97-RNA-08	KE97_HAEMATOPOIETIC_AND_LYMPHOID_TISSUE
KELLY	CCLE-KELLY-RNA-08	KELLY_AUTONOMIC_GANGLIA
KG-1-C	CCLE-KG-1-C-RNA-08	KG1C_CENTRAL_NERVOUS_SYSTEM
KG-1	CCLE-KG-1-RNA-08	KG1_HAEMATOPOIETIC_AND_LYMPHOID_TISSUE
KHM-1B	CCLE-KHM-1B-RNA-08	KHM1B_HAEMATOPOIETIC_AND_LYMPHOID_TISSUE
Ki-JK	CCLE-Ki-JK-RNA-08	KIJK_HAEMATOPOIETIC_AND_LYMPHOID_TISSUE
KLE	CCLE-KLE-RNA-08	KLE_ENDOMETRIUM
KM12	CCLE-KM12-RNA-08	KM12_LARGE_INTESTINE
KMBC-2	CCLE-KMBC-2-RNA-08	KMBC2_URINARY_TRACT
KM-H2	CCLE-KM-H2-RNA-08	KMH2_HAEMATOPOIETIC_AND_LYMPHOID_TISSUE
KMM-1	CCLE-KMM-1-RNA-08	KMM1_HAEMATOPOIETIC_AND_LYMPHOID_TISSUE
KMRC-1	CCLE-KMRC-1-RNA-08	KMRC1_KIDNEY
KMRC-20	CCLE-KMRC-20-RNA-08	KMRC20_KIDNEY
KMRC-2	CCLE-KMRC-2-RNA-08	KMRC2_KIDNEY
KMRC-3	CCLE-KMRC-3-RNA-08	KMRC3_KIDNEY
KMS-11	CCLE-KMS-11-RNA-08	KMS11_HAEMATOPOIETIC_AND_LYMPHOID_TISSUE
KMS-12-BM	CCLE-KMS-12-BM-RNA-08	KMS12BM_HAEMATOPOIETIC_AND_LYMPHOID_TISSUE
KMS-20	CCLE-KMS-20-RNA-08	KMS20_HAEMATOPOIETIC_AND_LYMPHOID_TISSUE
KMS-21BM	CCLE-KMS-21BM-RNA-08	KMS21BM_HAEMATOPOIETIC_AND_LYMPHOID_TISSUE
KMS-26	CCLE-KMS-26-RNA-08	KMS26_HAEMATOPOIETIC_AND_LYMPHOID_TISSUE
KMS-27	CCLE-KMS-27-RNA-08	KMS27_HAEMATOPOIETIC_AND_LYMPHOID_TISSUE
KMS-28BM	CCLE-KMS-28BM-RNA-08	KMS28BM_HAEMATOPOIETIC_AND_LYMPHOID_TISSUE
KMS-34	CCLE-KMS-34-RNA-08	KMS34_HAEMATOPOIETIC_AND_LYMPHOID_TISSUE
KNS-42	CCLE-KNS-42-RNA-08	KNS42_CENTRAL_NERVOUS_SYSTEM
KNS-60	CCLE-KNS-60-RNA-08	KNS60_CENTRAL_NERVOUS_SYSTEM
KNS-62	CCLE-KNS-62-RNA-08	KNS62_LUNG
KNS-81	CCLE-KNS-81-RNA-08	KNS81_CENTRAL_NERVOUS_SYSTEM
KOPN-8	CCLE-KOPN-8-RNA-08	KOPN8_HAEMATOPOIETIC_AND_LYMPHOID_TISSUE
KP-2	CCLE-KP-2-RNA-08	KP2_PANCREAS
KP-3	CCLE-KP-3-RNA-08	KP3_PANCREAS
KP4	CCLE-KP4-RNA-08	KP4_PANCREAS
KPL-1	CCLE-KPL-1-RNA-08	KPL1_BREAST
KP-N-RT-BM-1	CCLE-KP-N-RT-BM-1-RNA-08	KPNRTBM1_AUTONOMIC_GANGLIA
KP-N-SI9s	CCLE-KP-N-SI9s-RNA-08	KPNSI9S_AUTONOMIC_GANGLIA
KP-N-YN	CCLE-KP-N-YN-RNA-08	KPNYN_AUTONOMIC_GANGLIA
KS-1	CCLE-KS-1-RNA-08	KS1_CENTRAL_NERVOUS_SYSTEM
KU-19-19	CCLE-KU-19-19-RNA-08	KU1919_URINARY_TRACT
KU812	CCLE-KU812-RNA-08	KU812_HAEMATOPOIETIC_AND_LYMPHOID_TISSUE
KURAMOCHI	CCLE-KURAMOCHI-RNA-08	KURAMOCHI_OVARY
KYM-1	CCLE-KYM-1-RNA-08	KYM1_SOFT_TISSUE
KYO-1	CCLE-KYO-1-RNA-08	KYO1_HAEMATOPOIETIC_AND_LYMPHOID_TISSUE
KYSE-140	CCLE-KYSE-140-RNA-08	KYSE140_OESOPHAGUS
KYSE-150	CCLE-KYSE-150-RNA-08	KYSE150_OESOPHAGUS
KYSE-180	CCLE-KYSE-180-RNA-08	KYSE180_OESOPHAGUS
KYSE-270	CCLE-KYSE-270-RNA-08	KYSE270_OESOPHAGUS
KYSE-30	CCLE-KYSE-30-RNA-08	KYSE30_OESOPHAGUS
KYSE-410	CCLE-KYSE-410-RNA-08	KYSE410_OESOPHAGUS
KYSE-450	CCLE-KYSE-450-RNA-08	KYSE450_OESOPHAGUS
KYSE-510	CCLE-KYSE-510-RNA-08	KYSE510_OESOPHAGUS
KYSE-520	CCLE-KYSE-520-RNA-08	KYSE520_OESOPHAGUS
KYSE-70	CCLE-KYSE-70-RNA-08	KYSE70_OESOPHAGUS
L-1236	CCLE-L-1236-RNA-08	L1236_HAEMATOPOIETIC_AND_LYMPHOID_TISSUE
L3.3	CCLE-L3.3-RNA-08	L33_PANCREAS
L-363	CCLE-L-363-RNA-08	L363_HAEMATOPOIETIC_AND_LYMPHOID_TISSUE
L-428	CCLE-L-428-RNA-08	L428_HAEMATOPOIETIC_AND_LYMPHOID_TISSUE
L-540	CCLE-L-540-RNA-08	L540_HAEMATOPOIETIC_AND_LYMPHOID_TISSUE
LAMA-84	CCLE-LAMA-84-RNA-08	LAMA84_HAEMATOPOIETIC_AND_LYMPHOID_TISSUE
LC-1F	CCLE-LC-1F-RNA-08	LC1F_LUNG
LCLC-103H	CCLE-LCLC-103H-RNA-08	LCLC103H_LUNG
LCLC-97TM1	CCLE-LCLC-97TM1-RNA-08	LCLC97TM1_LUNG
Li-7	CCLE-Li-7-RNA-08	LI7_LIVER
LK-2	CCLE-LK-2-RNA-08	LK2_LUNG
LMSU	CCLE-LMSU-RNA-08	LMSU_STOMACH
LN-18	CCLE-LN-18-RNA-08	LN18_CENTRAL_NERVOUS_SYSTEM
LN-229	CCLE-LN-229-RNA-08	LN229_CENTRAL_NERVOUS_SYSTEM
LNCaP clone FGC	CCLE-LNCaP clone FGC-RNA-08	LNCAPCLONEFGC_PROSTATE
Loucy	CCLE-Loucy-RNA-08	LOUCY_HAEMATOPOIETIC_AND_LYMPHOID_TISSUE
LOU-NH91	CCLE-LOU-NH91-RNA-08	LOUNH91_LUNG
LoVo	CCLE-LoVo-RNA-08	LOVO_LARGE_INTESTINE
LOX IMVI	CCLE-LOX IMVI-RNA-08	LOXIMVI_SKIN
LP-1	CCLE-LP-1-RNA-08	LP1_HAEMATOPOIETIC_AND_LYMPHOID_TISSUE
LS1034	CCLE-LS1034-RNA-08	LS1034_LARGE_INTESTINE
LS123	CCLE-LS123-RNA-08	LS123_LARGE_INTESTINE
LS 180	CCLE-LS 180-RNA-08	LS180_LARGE_INTESTINE
LS411N	CCLE-LS411N-RNA-08	LS411N_LARGE_INTESTINE
LS513	CCLE-LS513-RNA-08	LS513_LARGE_INTESTINE
LU65	CCLE-LU65-RNA-08	LU65_LUNG
LU99	CCLE-LU99-RNA-08	LU99_LUNG
LUDLU-1	CCLE-LUDLU-1-RNA-08	LUDLU1_LUNG
LXF-289	CCLE-LXF-289-RNA-08	LXF289_LUNG
M059K	CCLE-M059K-RNA-08	M059K_CENTRAL_NERVOUS_SYSTEM
M-07e	CCLE-M-07e-RNA-08	M07E_HAEMATOPOIETIC_AND_LYMPHOID_TISSUE
Malme-3M	CCLE-Malme-3M-RNA-08	MALME3M_SKIN
MC116	CCLE-MC116-RNA-08	MC116_HAEMATOPOIETIC_AND_LYMPHOID_TISSUE
MCAS	CCLE-MCAS-RNA-08	MCAS_OVARY
MCF7	CCLE-MCF7-RNA-08	MCF7_BREAST
MDA-MB-134-VI	CCLE-MDA-MB-134-VI-RNA-08	MDAMB134VI_BREAST
MDA-MB-157	CCLE-MDA-MB-157-RNA-08	MDAMB157_BREAST
MDA-MB-175-VII	CCLE-MDA-MB-175-VII-RNA-08	MDAMB175VII_BREAST
MDA-MB-231	CCLE-MDA-MB-231-RNA-08	MDAMB231_BREAST
MDA-MB-361	CCLE-MDA-MB-361-RNA-08	MDAMB361_BREAST
MDA-MB-415	CCLE-MDA-MB-415-RNA-08	MDAMB415_BREAST
MDA-MB-435S	CCLE-MDA-MB-435S-RNA-08	MDAMB435S_SKIN
MDA-MB-436	CCLE-MDA-MB-436-RNA-08	MDAMB436_BREAST
MDA-MB-453	CCLE-MDA-MB-453-RNA-08	MDAMB453_BREAST
MDA-MB-468	CCLE-MDA-MB-468-RNA-08	MDAMB468_BREAST
MDA PCa 2b	CCLE-MDA PCa 2b-RNA-08	MDAPCA2B_PROSTATE
MDST8	CCLE-MDST8-RNA-08	MDST8_LARGE_INTESTINE
ME-1	CCLE-ME-1-RNA-08	ME1_HAEMATOPOIETIC_AND_LYMPHOID_TISSUE
MEC-1	CCLE-MEC-1-RNA-08	MEC1_HAEMATOPOIETIC_AND_LYMPHOID_TISSUE
MEG-01	CCLE-MEG-01-RNA-08	MEG01_HAEMATOPOIETIC_AND_LYMPHOID_TISSUE
MEL-HO	CCLE-MEL-HO-RNA-08	MELHO_SKIN
MEL-JUSO	CCLE-MEL-JUSO-RNA-08	MELJUSO_SKIN
MES-SA	CCLE-MES-SA-RNA-08	MESSA_SOFT_TISSUE
MeWo	CCLE-MeWo-RNA-08	MEWO_SKIN
MFE-280	CCLE-MFE-280-RNA-08	MFE280_ENDOMETRIUM
MFE-296	CCLE-MFE-296-RNA-08	MFE296_ENDOMETRIUM
MFE-319	CCLE-MFE-319-RNA-08	MFE319_ENDOMETRIUM
MG-63	CCLE-MG-63-RNA-08	MG63_BONE
MHH-CALL-2	CCLE-MHH-CALL-2-RNA-08	MHHCALL2_HAEMATOPOIETIC_AND_LYMPHOID_TISSUE
MHH-CALL-3	CCLE-MHH-CALL-3-RNA-08	MHHCALL3_HAEMATOPOIETIC_AND_LYMPHOID_TISSUE
MHH-CALL-4	CCLE-MHH-CALL-4-RNA-08	MHHCALL4_HAEMATOPOIETIC_AND_LYMPHOID_TISSUE
MHH-ES-1	CCLE-MHH-ES-1-RNA-08	MHHES1_BONE
MHH-NB-11	CCLE-MHH-NB-11-RNA-08	MHHNB11_AUTONOMIC_GANGLIA
MIA PaCa-2	CCLE-MIA PaCa-2-RNA-08	MIAPACA2_PANCREAS
Mino	CCLE-Mino-RNA-08	MINO_HAEMATOPOIETIC_AND_LYMPHOID_TISSUE
MJ	CCLE-MJ-RNA-08	MJ_HAEMATOPOIETIC_AND_LYMPHOID_TISSUE
MKN1	CCLE-MKN1-RNA-08	MKN1_STOMACH
MKN-45	CCLE-MKN-45-RNA-08	MKN45_STOMACH
MKN74	CCLE-MKN74-RNA-08	MKN74_STOMACH
MKN7	CCLE-MKN7-RNA-08	MKN7_STOMACH
ML-1	CCLE-ML-1-RNA-08	ML1_THYROID
MM1-S	CCLE-MM1-S-RNA-08	MM1S_HAEMATOPOIETIC_AND_LYMPHOID_TISSUE
MOLM-13	CCLE-MOLM-13-RNA-08	MOLM13_HAEMATOPOIETIC_AND_LYMPHOID_TISSUE
MOLM-16	CCLE-MOLM-16-RNA-08	MOLM16_HAEMATOPOIETIC_AND_LYMPHOID_TISSUE
MOLM-6	CCLE-MOLM-6-RNA-08	MOLM6_HAEMATOPOIETIC_AND_LYMPHOID_TISSUE
MOLP-2	CCLE-MOLP-2-RNA-08	MOLP2_HAEMATOPOIETIC_AND_LYMPHOID_TISSUE
MOLP-8	CCLE-MOLP-8-RNA-08	MOLP8_HAEMATOPOIETIC_AND_LYMPHOID_TISSUE
MOLT-13	CCLE-MOLT-13-RNA-08	MOLT13_HAEMATOPOIETIC_AND_LYMPHOID_TISSUE
MOLT-16	CCLE-MOLT-16-RNA-08	MOLT16_HAEMATOPOIETIC_AND_LYMPHOID_TISSUE
MONO-MAC-1	CCLE-MONO-MAC-1-RNA-08	MONOMAC1_HAEMATOPOIETIC_AND_LYMPHOID_TISSUE
MONO-MAC-6	CCLE-MONO-MAC-6-RNA-08	MONOMAC6_HAEMATOPOIETIC_AND_LYMPHOID_TISSUE
MOR/CPR	CCLE-MOR/CPR-RNA-08	MORCPR_LUNG
MPP 89	CCLE-MPP 89-RNA-08	MPP89_PLEURA
MSTO-211H	CCLE-MSTO-211H-RNA-08	MSTO211H_PLEURA
MUTZ-5	CCLE-MUTZ-5-RNA-08	MUTZ5_HAEMATOPOIETIC_AND_LYMPHOID_TISSUE
MV-4-11	CCLE-MV-4-11-RNA-08	MV411_HAEMATOPOIETIC_AND_LYMPHOID_TISSUE
NALM-19	CCLE-NALM-19-RNA-08	NALM19_HAEMATOPOIETIC_AND_LYMPHOID_TISSUE
NALM-1	CCLE-NALM-1-RNA-08	NALM1_HAEMATOPOIETIC_AND_LYMPHOID_TISSUE
NALM-6	CCLE-NALM-6-RNA-08	NALM6_HAEMATOPOIETIC_AND_LYMPHOID_TISSUE
NAMALWA	CCLE-NAMALWA-RNA-08	NAMALWA_HAEMATOPOIETIC_AND_LYMPHOID_TISSUE
NB-1	CCLE-NB-1-RNA-08	NB1_AUTONOMIC_GANGLIA
NB-4	CCLE-NB-4-RNA-08	NB4_HAEMATOPOIETIC_AND_LYMPHOID_TISSUE
NCC-StC-K140	CCLE-NCC-StC-K140-RNA-08	NCCSTCK140_STOMACH
NCI-H1048	CCLE-NCI-H1048-RNA-08	NCIH1048_LUNG
NCI-H1092	CCLE-NCI-H1092-RNA-08	NCIH1092_LUNG
NCI-H1105	CCLE-NCI-H1105-RNA-08	NCIH1105_LUNG
NCI-H1155	CCLE-NCI-H1155-RNA-08	NCIH1155_LUNG
NCI-H1184	CCLE-NCI-H1184-RNA-08	NCIH1184_LUNG
NCI-H1299	CCLE-NCI-H1299-RNA-08	NCIH1299_LUNG
NCI-H1339	CCLE-NCI-H1339-RNA-08	NCIH1339_LUNG
NCI-H1341	CCLE-NCI-H1341-RNA-08	NCIH1341_LUNG
NCI-H1355	CCLE-NCI-H1355-RNA-08	NCIH1355_LUNG
NCI-H1373	CCLE-NCI-H1373-RNA-08	NCIH1373_LUNG
NCI-H1385	CCLE-NCI-H1385-RNA-08	NCIH1385_LUNG
NCI-H1395	CCLE-NCI-H1395-RNA-08	NCIH1395_LUNG
NCI-H1435	CCLE-NCI-H1435-RNA-08	NCIH1435_LUNG
NCI-H1436	CCLE-NCI-H1436-RNA-08	NCIH1436_LUNG
NCI-H1437	CCLE-NCI-H1437-RNA-08	NCIH1437_LUNG
NCI-H146	CCLE-NCI-H146-RNA-08	NCIH146_LUNG
NCI-H1563	CCLE-NCI-H1563-RNA-08	NCIH1563_LUNG
NCI-H1568	CCLE-NCI-H1568-RNA-08	NCIH1568_LUNG
NCI-H1573	CCLE-NCI-H1573-RNA-08	NCIH1573_LUNG
NCI-H1581	CCLE-NCI-H1581-RNA-08	NCIH1581_LUNG
NCI-H1618	CCLE-NCI-H1618-RNA-08	NCIH1618_LUNG
NCI-H1623	CCLE-NCI-H1623-RNA-08	NCIH1623_LUNG
NCI-H1648	CCLE-NCI-H1648-RNA-08	NCIH1648_LUNG
NCI-H1650	CCLE-NCI-H1650-RNA-08	NCIH1650_LUNG
NCI-H1651	CCLE-NCI-H1651-RNA-08	NCIH1651_LUNG
NCI-H1666	CCLE-NCI-H1666-RNA-08	NCIH1666_LUNG
NCI-H1693	CCLE-NCI-H1693-RNA-08	NCIH1693_LUNG
NCI-H1694	CCLE-NCI-H1694-RNA-08	NCIH1694_LUNG
NCI-H1703	CCLE-NCI-H1703-RNA-08	NCIH1703_LUNG
NCI-H1734	CCLE-NCI-H1734-RNA-08	NCIH1734_LUNG
NCI-H1755	CCLE-NCI-H1755-RNA-08	NCIH1755_LUNG
NCI-H1781	CCLE-NCI-H1781-RNA-08	NCIH1781_LUNG
NCI-H1792	CCLE-NCI-H1792-RNA-08	NCIH1792_LUNG
NCI-H1793	CCLE-NCI-H1793-RNA-08	NCIH1793_LUNG
NCI-H1836	CCLE-NCI-H1836-RNA-08	NCIH1836_LUNG
NCI-H1838	CCLE-NCI-H1838-RNA-08	NCIH1838_LUNG
NCI-H1869	CCLE-NCI-H1869-RNA-08	NCIH1869_LUNG
NCI-H1876	CCLE-NCI-H1876-RNA-08	NCIH1876_LUNG
NCI-H1915	CCLE-NCI-H1915-RNA-08	NCIH1915_LUNG
NCI-H1930	CCLE-NCI-H1930-RNA-08	NCIH1930_LUNG
NCI-H1944	CCLE-NCI-H1944-RNA-08	NCIH1944_LUNG
NCI-H1963	CCLE-NCI-H1963-RNA-08	NCIH1963_LUNG
NCI-H196	CCLE-NCI-H196-RNA-08	NCIH196_LUNG
NCI-H1975	CCLE-NCI-H1975-RNA-08	NCIH1975_LUNG
NCI-H2009	CCLE-NCI-H2009-RNA-08	NCIH2009_LUNG
NCI-H2023	CCLE-NCI-H2023-RNA-08	NCIH2023_LUNG
NCI-H2029	CCLE-NCI-H2029-RNA-08	NCIH2029_LUNG
NCI-H2030	CCLE-NCI-H2030-RNA-08	NCIH2030_LUNG
NCI-H2052	CCLE-NCI-H2052-RNA-08	NCIH2052_PLEURA
NCI-H2066	CCLE-NCI-H2066-RNA-08	NCIH2066_LUNG
NCI-H2081	CCLE-NCI-H2081-RNA-08	NCIH2081_LUNG
NCI-H2085	CCLE-NCI-H2085-RNA-08	NCIH2085_LUNG
NCI-H2087	CCLE-NCI-H2087-RNA-08	NCIH2087_LUNG
NCI-H209	CCLE-NCI-H209-RNA-08	NCIH209_LUNG
NCI-H2106	CCLE-NCI-H2106-RNA-08	NCIH2106_LUNG
NCI-H2110	CCLE-NCI-H2110-RNA-08	NCIH2110_LUNG
NCI-H211	CCLE-NCI-H211-RNA-08	NCIH211_LUNG
NCI-H2122	CCLE-NCI-H2122-RNA-08	NCIH2122_LUNG
NCI-H2126	CCLE-NCI-H2126-RNA-08	NCIH2126_LUNG
NCI-H2170	CCLE-NCI-H2170-RNA-08	NCIH2170_LUNG
NCI-H2171	CCLE-NCI-H2171-RNA-08	NCIH2171_LUNG
NCI-H2172	CCLE-NCI-H2172-RNA-08	NCIH2172_LUNG
NCI-H2196	CCLE-NCI-H2196-RNA-08	NCIH2196_LUNG
NCI-H2227	CCLE-NCI-H2227-RNA-08	NCIH2227_LUNG
NCI-H2228	CCLE-NCI-H2228-RNA-08	NCIH2228_LUNG
NCI-H226	CCLE-NCI-H226-RNA-08	NCIH226_LUNG
NCI-H2286	CCLE-NCI-H2286-RNA-08	NCIH2286_LUNG
NCI-H2291	CCLE-NCI-H2291-RNA-08	NCIH2291_LUNG
NCI-H2342	CCLE-NCI-H2342-RNA-08	NCIH2342_LUNG
NCI-H2347	CCLE-NCI-H2347-RNA-08	NCIH2347_LUNG
NCI-H23	CCLE-NCI-H23-RNA-08	NCIH23_LUNG
NCI-H2405	CCLE-NCI-H2405-RNA-08	NCIH2405_LUNG
NCI-H2444	CCLE-NCI-H2444-RNA-08	NCIH2444_LUNG
NCI-H2452	CCLE-NCI-H2452-RNA-08	NCIH2452_PLEURA
NCI-H28	CCLE-NCI-H28-RNA-08	NCIH28_PLEURA
NCI-H292	CCLE-NCI-H292-RNA-08	NCIH292_LUNG
NCI-H322	CCLE-NCI-H322-RNA-08	NCIH322_LUNG
NCI-H3255	CCLE-NCI-H3255-RNA-08	NCIH3255_LUNG
NCI-H358	CCLE-NCI-H358-RNA-08	NCIH358_LUNG
NCI-H441	CCLE-NCI-H441-RNA-08	NCIH441_LUNG
NCI-H446	CCLE-NCI-H446-RNA-08	NCIH446_LUNG
NCI-H460	CCLE-NCI-H460-RNA-08	NCIH460_LUNG
NCI-H508	CCLE-NCI-H508-RNA-08	NCIH508_LARGE_INTESTINE
NCI-H510	CCLE-NCI-H510-RNA-08	NCIH510_LUNG
NCI-H520	CCLE-NCI-H520-RNA-08	NCIH520_LUNG
NCI-H522	CCLE-NCI-H522-RNA-08	NCIH522_LUNG
NCI-H524	CCLE-NCI-H524-RNA-08	NCIH524_LUNG
NCI-H526	CCLE-NCI-H526-RNA-08	NCIH526_LUNG
NCI-H596	CCLE-NCI-H596-RNA-08	NCIH596_LUNG
NCI-H647	CCLE-NCI-H647-RNA-08	NCIH647_LUNG
NCI-H650	CCLE-NCI-H650-RNA-08	NCIH650_LUNG
NCI-H660	CCLE-NCI-H660-RNA-08	NCIH660_PROSTATE
NCI-H661	CCLE-NCI-H661-RNA-08	NCIH661_LUNG
NCI-H684	CCLE-NCI-H684-RNA-08	NCIH684_LIVER
NCI-H69	CCLE-NCI-H69-RNA-08	NCIH69_LUNG
NCI-H716	CCLE-NCI-H716-RNA-08	NCIH716_LARGE_INTESTINE
NCI-H727	CCLE-NCI-H727-RNA-08	NCIH727_LUNG
NCI-H747	CCLE-NCI-H747-RNA-08	NCIH747_LARGE_INTESTINE
NCI-H810	CCLE-NCI-H810-RNA-08	NCIH810_LUNG
NCI-H82	CCLE-NCI-H82-RNA-08	NCIH82_LUNG
NCI-H838	CCLE-NCI-H838-RNA-08	NCIH838_LUNG
NCI-H841	CCLE-NCI-H841-RNA-08	NCIH841_LUNG
NCI-H854	CCLE-NCI-H854-RNA-08	NCIH854_LUNG
NCI-H889	CCLE-NCI-H889-RNA-08	NCIH889_LUNG
NCI-H929	CCLE-NCI-H929-RNA-08	NCIH929_HAEMATOPOIETIC_AND_LYMPHOID_TISSUE
NCI-N87	CCLE-NCI-N87-RNA-08	NCIN87_STOMACH
NCO2	CCLE-NCO2-RNA-08	NCO2_HAEMATOPOIETIC_AND_LYMPHOID_TISSUE
NH-6	CCLE-NH-6-RNA-08	NH6_AUTONOMIC_GANGLIA
NIH:OVCAR-3	CCLE-NIH:OVCAR-3-RNA-08	NIHOVCAR3_OVARY
NMC-G1	CCLE-NMC-G1-RNA-08	NMCG1_CENTRAL_NERVOUS_SYSTEM
NOMO-1	CCLE-NOMO-1-RNA-08	NOMO1_HAEMATOPOIETIC_AND_LYMPHOID_TISSUE
NU-DHL-1	CCLE-NU-DHL-1-RNA-08	NUDHL1_HAEMATOPOIETIC_AND_LYMPHOID_TISSUE
NU-DUL-1	CCLE-NU-DUL-1-RNA-08	NUDUL1_HAEMATOPOIETIC_AND_LYMPHOID_TISSUE
NUGC-2	CCLE-NUGC-2-RNA-08	NUGC2_STOMACH
NUGC-3	CCLE-NUGC-3-RNA-08	NUGC3_STOMACH
NUGC-4	CCLE-NUGC-4-RNA-08	NUGC4_STOMACH
OAW28	CCLE-OAW28-RNA-08	OAW28_OVARY
OAW42	CCLE-OAW42-RNA-08	OAW42_OVARY
OC 314	CCLE-OC 314-RNA-08	OC314_OVARY
OCI-AML2	CCLE-OCI-AML2-RNA-08	OCIAML2_HAEMATOPOIETIC_AND_LYMPHOID_TISSUE
OCI-AML3	CCLE-OCI-AML3-RNA-08	OCIAML3_HAEMATOPOIETIC_AND_LYMPHOID_TISSUE
OCI-AML5	CCLE-OCI-AML5-RNA-08	OCIAML5_HAEMATOPOIETIC_AND_LYMPHOID_TISSUE
OCI-LY-19	CCLE-OCI-LY-19-RNA-08	OCILY19_HAEMATOPOIETIC_AND_LYMPHOID_TISSUE
OCI-LY3	CCLE-OCI-LY3-RNA-08	OCILY3_HAEMATOPOIETIC_AND_LYMPHOID_TISSUE
OCI-M1	CCLE-OCI-M1-RNA-08	OCIM1_HAEMATOPOIETIC_AND_LYMPHOID_TISSUE
OCUM-1	CCLE-OCUM-1-RNA-08	OCUM1_STOMACH
OE19	CCLE-OE19-RNA-08	OE19_OESOPHAGUS
OE33	CCLE-OE33-RNA-08	OE33_OESOPHAGUS
ONCO-DG-1	CCLE-ONCO-DG-1-RNA-08	ONCODG1_OVARY
ONS-76	CCLE-ONS-76-RNA-08	ONS76_CENTRAL_NERVOUS_SYSTEM
OPM-2	CCLE-OPM-2-RNA-08	OPM2_HAEMATOPOIETIC_AND_LYMPHOID_TISSUE
OS-RC-2	CCLE-OS-RC-2-RNA-08	OSRC2_KIDNEY
OUMS-23	CCLE-OUMS-23-RNA-08	OUMS23_LARGE_INTESTINE
OV56	CCLE-OV56-RNA-08	OV56_OVARY
OV7	CCLE-OV7-RNA-08	OV7_OVARY
OV-90	CCLE-OV-90-RNA-08	OV90_OVARY
OVCAR-4	CCLE-OVCAR-4-RNA-08	OVCAR4_OVARY
OVCAR-8	CCLE-OVCAR-8-RNA-08	OVCAR8_OVARY
OVISE	CCLE-OVISE-RNA-08	OVISE_OVARY
OVK18	CCLE-OVK18-RNA-08	OVK18_OVARY
OVMANA	CCLE-OVMANA-RNA-08	OVMANA_OVARY
OVSAHO	CCLE-OVSAHO-RNA-08	OVSAHO_OVARY
OVTOKO	CCLE-OVTOKO-RNA-08	OVTOKO_OVARY
P12-ICHIKAWA	CCLE-P12-ICHIKAWA-RNA-08	P12ICHIKAWA_HAEMATOPOIETIC_AND_LYMPHOID_TISSUE
P31/FUJ	CCLE-P31/FUJ-RNA-08	P31FUJ_HAEMATOPOIETIC_AND_LYMPHOID_TISSUE
P3HR-1	CCLE-P3HR-1-RNA-08	P3HR1_HAEMATOPOIETIC_AND_LYMPHOID_TISSUE
Panc 02.03	CCLE-Panc 02.03-RNA-08	PANC0203_PANCREAS
Panc 02.13	CCLE-Panc 02.13-RNA-08	PANC0213_PANCREAS
Panc 03.27	CCLE-Panc 03.27-RNA-08	PANC0327_PANCREAS
Panc 04.03	CCLE-Panc 04.03-RNA-08	PANC0403_PANCREAS
Panc 05.04	CCLE-Panc 05.04-RNA-08	PANC0504_PANCREAS
Panc 08.13	CCLE-Panc 08.13-RNA-08	PANC0813_PANCREAS
Panc 10.05	CCLE-Panc 10.05-RNA-08	PANC1005_PANCREAS
PANC-1	CCLE-PANC-1-RNA-08	PANC1_PANCREAS
ParticipantBarcode	SampleBarcode	CCLE long name
PA-TU-8902	CCLE-PA-TU-8902-RNA-08	PATU8902_PANCREAS
PA-TU-8988S	CCLE-PA-TU-8988S-RNA-08	PATU8988S_PANCREAS
PA-TU-8988T	CCLE-PA-TU-8988T-RNA-08	PATU8988T_PANCREAS
PC-14	CCLE-PC-14-RNA-08	PC14_LUNG
PC-3	CCLE-PC-3-RNA-08	PC3_PROSTATE
PCM6	CCLE-PCM6-RNA-08	PCM6_HAEMATOPOIETIC_AND_LYMPHOID_TISSUE
PE/CA-PJ15	CCLE-PE/CA-PJ15-RNA-08	PECAPJ15_UPPER_AERODIGESTIVE_TRACT
PE/CA-PJ34 (clone C12)	CCLE-PE/CA-PJ34 (clone C12)-RNA-08	PECAPJ34CLONEC12_UPPER_AERODIGESTIVE_TRACT
PE/CA-PJ41 (clone D2)	CCLE-PE/CA-PJ41 (clone D2)-RNA-08	PECAPJ41CLONED2_UPPER_AERODIGESTIVE_TRACT
PE/CA-PJ49	CCLE-PE/CA-PJ49-RNA-08	PECAPJ49_UPPER_AERODIGESTIVE_TRACT
PEER	CCLE-PEER-RNA-08	PEER_HAEMATOPOIETIC_AND_LYMPHOID_TISSUE
PF-382	CCLE-PF-382-RNA-08	PF382_HAEMATOPOIETIC_AND_LYMPHOID_TISSUE
Pfeiffer	CCLE-Pfeiffer-RNA-08	PFEIFFER_HAEMATOPOIETIC_AND_LYMPHOID_TISSUE
PK-1	CCLE-PK-1-RNA-08	PK1_PANCREAS
PK-45H	CCLE-PK-45H-RNA-08	PK45H_PANCREAS
PK-59	CCLE-PK-59-RNA-08	PK59_PANCREAS
PL-21	CCLE-PL-21-RNA-08	PL21_HAEMATOPOIETIC_AND_LYMPHOID_TISSUE
PLC/PRF/5	CCLE-PLC/PRF/5-RNA-08	PLCPRF5_LIVER
PSN1	CCLE-PSN1-RNA-08	PSN1_PANCREAS
QGP-1	CCLE-QGP-1-RNA-08	QGP1_PANCREAS
Raji	CCLE-Raji-RNA-08	RAJI_HAEMATOPOIETIC_AND_LYMPHOID_TISSUE
RCC10RGB	CCLE-RCC10RGB-RNA-08	RCC10RGB_KIDNEY
RCH-ACV	CCLE-RCH-ACV-RNA-08	RCHACV_HAEMATOPOIETIC_AND_LYMPHOID_TISSUE
RCM-1	CCLE-RCM-1-RNA-08	RCM1_LARGE_INTESTINE
RD	CCLE-RD-RNA-08	RD_SOFT_TISSUE
RD-ES	CCLE-RD-ES-RNA-08	RDES_BONE
REC-1	CCLE-REC-1-RNA-08	REC1_HAEMATOPOIETIC_AND_LYMPHOID_TISSUE
Reh	CCLE-Reh-RNA-08	REH_HAEMATOPOIETIC_AND_LYMPHOID_TISSUE
RERF-GC-1B	CCLE-RERF-GC-1B-RNA-08	RERFGC1B_STOMACH
RERF-LC-Ad1	CCLE-RERF-LC-Ad1-RNA-08	RERFLCAD1_LUNG
RERF-LC-Ad2	CCLE-RERF-LC-Ad2-RNA-08	RERFLCAD2_LUNG
RERF-LC-AI	CCLE-RERF-LC-AI-RNA-08	RERFLCAI_LUNG
RERF-LC-KJ	CCLE-RERF-LC-KJ-RNA-08	RERFLCKJ_LUNG
RERF-LC-MS	CCLE-RERF-LC-MS-RNA-08	RERFLCMS_LUNG
RERF-LC-Sq1	CCLE-RERF-LC-Sq1-RNA-08	RERFLCSQ1_LUNG
RH-18	CCLE-RH-18-RNA-08	RH18_SOFT_TISSUE
RH-30	CCLE-RH-30-RNA-08	RH30_SOFT_TISSUE
RH-41	CCLE-RH-41-RNA-08	RH41_SOFT_TISSUE
RI-1	CCLE-RI-1-RNA-08	RI1_HAEMATOPOIETIC_AND_LYMPHOID_TISSUE
RKN	CCLE-RKN-RNA-08	RKN_SOFT_TISSUE
RKO	CCLE-RKO-RNA-08	RKO_LARGE_INTESTINE
RL95-2	CCLE-RL95-2-RNA-08	RL952_ENDOMETRIUM
RL	CCLE-RL-RNA-08	RL_HAEMATOPOIETIC_AND_LYMPHOID_TISSUE
RMG-I	CCLE-RMG-I-RNA-08	RMGI_OVARY
RMUG-S	CCLE-RMUG-S-RNA-08	RMUGS_OVARY
RPMI-7951	CCLE-RPMI-7951-RNA-08	RPMI7951_SKIN
RPMI 8226	CCLE-RPMI 8226-RNA-08	RPMI8226_HAEMATOPOIETIC_AND_LYMPHOID_TISSUE
RPMI-8402	CCLE-RPMI-8402-RNA-08	RPMI8402_HAEMATOPOIETIC_AND_LYMPHOID_TISSUE
RS4;11	CCLE-RS4;11-RNA-08	RS411_HAEMATOPOIETIC_AND_LYMPHOID_TISSUE
RS-5	CCLE-RS-5-RNA-08	RS5_PLEURA
RT-112	CCLE-RT-112-RNA-08	RT112_URINARY_TRACT
RT4	CCLE-RT4-RNA-08	RT4_URINARY_TRACT
S-117	CCLE-S-117-RNA-08	S117_SOFT_TISSUE
Saos-2	CCLE-Saos-2-RNA-08	SAOS2_BONE
SBC-5	CCLE-SBC-5-RNA-08	SBC5_LUNG
SCaBER	CCLE-SCaBER-RNA-08	SCABER_URINARY_TRACT
SCC-15	CCLE-SCC-15-RNA-08	SCC15_UPPER_AERODIGESTIVE_TRACT
SCC-25	CCLE-SCC-25-RNA-08	SCC25_UPPER_AERODIGESTIVE_TRACT
SCC-4	CCLE-SCC-4-RNA-08	SCC4_UPPER_AERODIGESTIVE_TRACT
SCC-9	CCLE-SCC-9-RNA-08	SCC9_UPPER_AERODIGESTIVE_TRACT
SCLC-21H	CCLE-SCLC-21H-RNA-08	SCLC21H_LUNG
SEM	CCLE-SEM-RNA-08	SEM_HAEMATOPOIETIC_AND_LYMPHOID_TISSUE
Set-2	CCLE-Set-2-RNA-08	SET2_HAEMATOPOIETIC_AND_LYMPHOID_TISSUE
SF126	CCLE-SF126-RNA-08	SF126_CENTRAL_NERVOUS_SYSTEM
SF-295	CCLE-SF-295-RNA-08	SF295_CENTRAL_NERVOUS_SYSTEM
SH-10-TC	CCLE-SH-10-TC-RNA-08	SH10TC_STOMACH
SH-4	CCLE-SH-4-RNA-08	SH4_SKIN
SHP-77	CCLE-SHP-77-RNA-08	SHP77_LUNG
SIG-M5	CCLE-SIG-M5-RNA-08	SIGM5_HAEMATOPOIETIC_AND_LYMPHOID_TISSUE
SIMA	CCLE-SIMA-RNA-08	SIMA_AUTONOMIC_GANGLIA
SJSA-1	CCLE-SJSA-1-RNA-08	SJSA1_BONE
SK-BR-3	CCLE-SK-BR-3-RNA-08	SKBR3_BREAST
SK-CO-1	CCLE-SK-CO-1-RNA-08	SKCO1_LARGE_INTESTINE
SK-ES-1	CCLE-SK-ES-1-RNA-08	SKES1_BONE
SK-HEP-1	CCLE-SK-HEP-1-RNA-08	SKHEP1_LIVER
SK-LMS-1	CCLE-SK-LMS-1-RNA-08	SKLMS1_SOFT_TISSUE
SK-LU-1	CCLE-SK-LU-1-RNA-08	SKLU1_LUNG
SKM-1	CCLE-SKM-1-RNA-08	SKM1_HAEMATOPOIETIC_AND_LYMPHOID_TISSUE
SK-MEL-1	CCLE-SK-MEL-1-RNA-08	SKMEL1_SKIN
SK-MEL-24	CCLE-SK-MEL-24-RNA-08	SKMEL24_SKIN
SK-MEL-28	CCLE-SK-MEL-28-RNA-08	SKMEL28_SKIN
SK-MEL-30	CCLE-SK-MEL-30-RNA-08	SKMEL30_SKIN
SK-MEL-31	CCLE-SK-MEL-31-RNA-08	SKMEL31_SKIN
SK-MEL-3	CCLE-SK-MEL-3-RNA-08	SKMEL3_SKIN
SK-MEL-5	CCLE-SK-MEL-5-RNA-08	SKMEL5_SKIN
SK-MES-1	CCLE-SK-MES-1-RNA-08	SKMES1_LUNG
SK-MM-2	CCLE-SK-MM-2-RNA-08	SKMM2_HAEMATOPOIETIC_AND_LYMPHOID_TISSUE
SK-N-AS	CCLE-SK-N-AS-RNA-08	SKNAS_AUTONOMIC_GANGLIA
SK-N-BE(2)	CCLE-SK-N-BE(2)-RNA-08	SKNBE2_AUTONOMIC_GANGLIA
SK-N-DZ	CCLE-SK-N-DZ-RNA-08	SKNDZ_AUTONOMIC_GANGLIA
SK-N-FI	CCLE-SK-N-FI-RNA-08	SKNFI_AUTONOMIC_GANGLIA
SK-N-MC	CCLE-SK-N-MC-RNA-08	SKNMC_BONE
SK-OV-3	CCLE-SK-OV-3-RNA-08	SKOV3_OVARY
SK-UT-1	CCLE-SK-UT-1-RNA-08	SKUT1_SOFT_TISSUE
SNG-M	CCLE-SNG-M-RNA-08	SNGM_ENDOMETRIUM
SNU-1033	CCLE-SNU-1033-RNA-08	SNU1033_LARGE_INTESTINE
SNU-1040	CCLE-SNU-1040-RNA-08	SNU1040_LARGE_INTESTINE
SNU-1041	CCLE-SNU-1041-RNA-08	SNU1041_UPPER_AERODIGESTIVE_TRACT
SNU-1066	CCLE-SNU-1066-RNA-08	SNU1066_UPPER_AERODIGESTIVE_TRACT
SNU-1076	CCLE-SNU-1076-RNA-08	SNU1076_UPPER_AERODIGESTIVE_TRACT
SNU-1077	CCLE-SNU-1077-RNA-08	SNU1077_ENDOMETRIUM
SNU-1079	CCLE-SNU-1079-RNA-08	SNU1079_BILIARY_TRACT
SNU-1105	CCLE-SNU-1105-RNA-08	SNU1105_CENTRAL_NERVOUS_SYSTEM
SNU-1196	CCLE-SNU-1196-RNA-08	SNU1196_BILIARY_TRACT
SNU-1197	CCLE-SNU-1197-RNA-08	SNU1197_LARGE_INTESTINE
SNU-119	CCLE-SNU-119-RNA-08	SNU119_OVARY
SNU-1214	CCLE-SNU-1214-RNA-08	SNU1214_UPPER_AERODIGESTIVE_TRACT
SNU-1272	CCLE-SNU-1272-RNA-08	SNU1272_KIDNEY
SNU-16	CCLE-SNU-16-RNA-08	SNU16_STOMACH
SNU-175	CCLE-SNU-175-RNA-08	SNU175_LARGE_INTESTINE
SNU-182	CCLE-SNU-182-RNA-08	SNU182_LIVER
SNU-1	CCLE-SNU-1-RNA-08	SNU1_STOMACH
SNU-201	CCLE-SNU-201-RNA-08	SNU201_CENTRAL_NERVOUS_SYSTEM
SNU-213	CCLE-SNU-213-RNA-08	SNU213_PANCREAS
SNU-216	CCLE-SNU-216-RNA-08	SNU216_STOMACH
SNU-245	CCLE-SNU-245-RNA-08	SNU245_BILIARY_TRACT
SNU-283	CCLE-SNU-283-RNA-08	SNU283_LARGE_INTESTINE
SNU-308	CCLE-SNU-308-RNA-08	SNU308_BILIARY_TRACT
SNU-324	CCLE-SNU-324-RNA-08	SNU324_PANCREAS
SNU-349	CCLE-SNU-349-RNA-08	SNU349_KIDNEY
SNU-387	CCLE-SNU-387-RNA-08	SNU387_LIVER
SNU-398	CCLE-SNU-398-RNA-08	SNU398_LIVER
SNU-407	CCLE-SNU-407-RNA-08	SNU407_LARGE_INTESTINE
SNU-410	CCLE-SNU-410-RNA-08	SNU410_PANCREAS
SNU-423	CCLE-SNU-423-RNA-08	SNU423_LIVER
SNU-449	CCLE-SNU-449-RNA-08	SNU449_LIVER
SNU-466	CCLE-SNU-466-RNA-08	SNU466_CENTRAL_NERVOUS_SYSTEM
SNU-46	CCLE-SNU-46-RNA-08	SNU46_UPPER_AERODIGESTIVE_TRACT
SNU-475	CCLE-SNU-475-RNA-08	SNU475_LIVER
SNU-478	CCLE-SNU-478-RNA-08	SNU478_BILIARY_TRACT
SNU-489	CCLE-SNU-489-RNA-08	SNU489_CENTRAL_NERVOUS_SYSTEM
SNU-503	CCLE-SNU-503-RNA-08	SNU503_LARGE_INTESTINE
SNU-520	CCLE-SNU-520-RNA-08	SNU520_STOMACH
SNU-5	CCLE-SNU-5-RNA-08	SNU5_STOMACH
SNU-601	CCLE-SNU-601-RNA-08	SNU601_STOMACH
SNU-61	CCLE-SNU-61-RNA-08	SNU61_LARGE_INTESTINE
SNU-620	CCLE-SNU-620-RNA-08	SNU620_STOMACH
SNU-626	CCLE-SNU-626-RNA-08	SNU626_CENTRAL_NERVOUS_SYSTEM
SNU-668	CCLE-SNU-668-RNA-08	SNU668_STOMACH
SNU-685	CCLE-SNU-685-RNA-08	SNU685_ENDOMETRIUM
SNU-719	CCLE-SNU-719-RNA-08	SNU719_STOMACH
SNU-738	CCLE-SNU-738-RNA-08	SNU738_CENTRAL_NERVOUS_SYSTEM
SNU-761	CCLE-SNU-761-RNA-08	SNU761_LIVER
SNU-81	CCLE-SNU-81-RNA-08	SNU81_LARGE_INTESTINE
SNU-840	CCLE-SNU-840-RNA-08	SNU840_OVARY
SNU-869	CCLE-SNU-869-RNA-08	SNU869_BILIARY_TRACT
SNU-878	CCLE-SNU-878-RNA-08	SNU878_LIVER
SNU-886	CCLE-SNU-886-RNA-08	SNU886_LIVER
SNU-899	CCLE-SNU-899-RNA-08	SNU899_UPPER_AERODIGESTIVE_TRACT
SNU-8	CCLE-SNU-8-RNA-08	SNU8_OVARY
SNU-C1	CCLE-SNU-C1-RNA-08	SNUC1_LARGE_INTESTINE
SNU-C2A	CCLE-SNU-C2A-RNA-08	SNUC2A_LARGE_INTESTINE
SNU-C4	CCLE-SNU-C4-RNA-08	SNUC4_LARGE_INTESTINE
SNU-C5	CCLE-SNU-C5-RNA-08	SNUC5_LARGE_INTESTINE
Sq-1	CCLE-Sq-1-RNA-08	SQ1_LUNG
SR-786	CCLE-SR-786-RNA-08	SR786_HAEMATOPOIETIC_AND_LYMPHOID_TISSUE
ST486	CCLE-ST486-RNA-08	ST486_HAEMATOPOIETIC_AND_LYMPHOID_TISSUE
SU.86.86	CCLE-SU.86.86-RNA-08	SU8686_PANCREAS
SU-DHL-10	CCLE-SU-DHL-10-RNA-08	SUDHL10_HAEMATOPOIETIC_AND_LYMPHOID_TISSUE
SU-DHL-1	CCLE-SU-DHL-1-RNA-08	SUDHL1_HAEMATOPOIETIC_AND_LYMPHOID_TISSUE
SU-DHL-4	CCLE-SU-DHL-4-RNA-08	SUDHL4_HAEMATOPOIETIC_AND_LYMPHOID_TISSUE
SU-DHL-5	CCLE-SU-DHL-5-RNA-08	SUDHL5_HAEMATOPOIETIC_AND_LYMPHOID_TISSUE
SU-DHL-6	CCLE-SU-DHL-6-RNA-08	SUDHL6_HAEMATOPOIETIC_AND_LYMPHOID_TISSUE
SU-DHL-8	CCLE-SU-DHL-8-RNA-08	SUDHL8_HAEMATOPOIETIC_AND_LYMPHOID_TISSUE
SUIT-2	CCLE-SUIT-2-RNA-08	SUIT2_PANCREAS
SUP-B15	CCLE-SUP-B15-RNA-08	SUPB15_HAEMATOPOIETIC_AND_LYMPHOID_TISSUE
SUP-HD1	CCLE-SUP-HD1-RNA-08	SUPHD1_HAEMATOPOIETIC_AND_LYMPHOID_TISSUE
SUP-M2	CCLE-SUP-M2-RNA-08	SUPM2_HAEMATOPOIETIC_AND_LYMPHOID_TISSUE
SUP-T11	CCLE-SUP-T11-RNA-08	SUPT11_HAEMATOPOIETIC_AND_LYMPHOID_TISSUE
SUP-T1	CCLE-SUP-T1-RNA-08	SUPT1_HAEMATOPOIETIC_AND_LYMPHOID_TISSUE
SW 1088	CCLE-SW 1088-RNA-08	SW1088_CENTRAL_NERVOUS_SYSTEM
SW1116	CCLE-SW1116-RNA-08	SW1116_LARGE_INTESTINE
SW 1271	CCLE-SW 1271-RNA-08	SW1271_LUNG
SW 1353	CCLE-SW 1353-RNA-08	SW1353_BONE
SW1417	CCLE-SW1417-RNA-08	SW1417_LARGE_INTESTINE
SW1463	CCLE-SW1463-RNA-08	SW1463_LARGE_INTESTINE
SW 1573	CCLE-SW 1573-RNA-08	SW1573_LUNG
SW-1710	CCLE-SW-1710-RNA-08	SW1710_URINARY_TRACT
SW 1783	CCLE-SW 1783-RNA-08	SW1783_CENTRAL_NERVOUS_SYSTEM
SW 1990	CCLE-SW 1990-RNA-08	SW1990_PANCREAS
SW403	CCLE-SW403-RNA-08	SW403_LARGE_INTESTINE
SW480	CCLE-SW480-RNA-08	SW480_LARGE_INTESTINE
SW48	CCLE-SW48-RNA-08	SW48_LARGE_INTESTINE
SW579	CCLE-SW579-RNA-08	SW579_THYROID
SW620	CCLE-SW620-RNA-08	SW620_LARGE_INTESTINE
SW 780	CCLE-SW 780-RNA-08	SW780_URINARY_TRACT
SW837	CCLE-SW837-RNA-08	SW837_LARGE_INTESTINE
SW 900	CCLE-SW 900-RNA-08	SW900_LUNG
SW948	CCLE-SW948-RNA-08	SW948_LARGE_INTESTINE
T1-73	CCLE-T1-73-RNA-08	T173_BONE
T24	CCLE-T24-RNA-08	T24_URINARY_TRACT
T3M-10	CCLE-T3M-10-RNA-08	T3M10_LUNG
T3M-4	CCLE-T3M-4-RNA-08	T3M4_PANCREAS
T-47D	CCLE-T-47D-RNA-08	T47D_BREAST
T84	CCLE-T84-RNA-08	T84_LARGE_INTESTINE
T98G	CCLE-T98G-RNA-08	T98G_CENTRAL_NERVOUS_SYSTEM
TALL-1	CCLE-TALL-1-RNA-08	TALL1_HAEMATOPOIETIC_AND_LYMPHOID_TISSUE
TC-71	CCLE-TC-71-RNA-08	TC71_BONE
TCC-PAN2	CCLE-TCC-PAN2-RNA-08	TCCPAN2_PANCREAS
TCCSUP	CCLE-TCCSUP-RNA-08	TCCSUP_URINARY_TRACT
TE-10	CCLE-TE-10-RNA-08	TE10_OESOPHAGUS
TE-11	CCLE-TE-11-RNA-08	TE11_OESOPHAGUS
TE 125.T	CCLE-TE 125.T-RNA-08	TE125T_SOFT_TISSUE
TE-14	CCLE-TE-14-RNA-08	TE14_OESOPHAGUS
TE 159.T	CCLE-TE 159.T-RNA-08	TE159T_SOFT_TISSUE
TE-15	CCLE-TE-15-RNA-08	TE15_OESOPHAGUS
TE-1	CCLE-TE-1-RNA-08	TE1_OESOPHAGUS
TE 441.T	CCLE-TE 441.T-RNA-08	TE441T_SOFT_TISSUE
TE-4	CCLE-TE-4-RNA-08	TE4_OESOPHAGUS
TE-5	CCLE-TE-5-RNA-08	TE5_OESOPHAGUS
TE 617.T	CCLE-TE 617.T-RNA-08	TE617T_SOFT_TISSUE
TE-6	CCLE-TE-6-RNA-08	TE6_OESOPHAGUS
TE-8	CCLE-TE-8-RNA-08	TE8_OESOPHAGUS
TE-9	CCLE-TE-9-RNA-08	TE9_OESOPHAGUS
TEN	CCLE-TEN-RNA-08	TEN_ENDOMETRIUM
TF-1	CCLE-TF-1-RNA-08	TF1_HAEMATOPOIETIC_AND_LYMPHOID_TISSUE
TGBC11TKB	CCLE-TGBC11TKB-RNA-08	TGBC11TKB_STOMACH
THP-1	CCLE-THP-1-RNA-08	THP1_HAEMATOPOIETIC_AND_LYMPHOID_TISSUE
TM-31	CCLE-TM-31-RNA-08	TM31_CENTRAL_NERVOUS_SYSTEM
TO 175.T	CCLE-TO 175.T-RNA-08	TO175T_HAEMATOPOIETIC_AND_LYMPHOID_TISSUE
Toledo	CCLE-Toledo-RNA-08	TOLEDO_HAEMATOPOIETIC_AND_LYMPHOID_TISSUE
TOV-112D	CCLE-TOV-112D-RNA-08	TOV112D_OVARY
TOV-21G	CCLE-TOV-21G-RNA-08	TOV21G_OVARY
TT2609-C02	CCLE-TT2609-C02-RNA-08	TT2609C02_THYROID
TUHR10TKB	CCLE-TUHR10TKB-RNA-08	TUHR10TKB_KIDNEY
TUHR14TKB	CCLE-TUHR14TKB-RNA-08	TUHR14TKB_KIDNEY
TUHR4TKB	CCLE-TUHR4TKB-RNA-08	TUHR4TKB_KIDNEY
TYK-nu	CCLE-TYK-nu-RNA-08	TYKNU_OVARY
U-118 MG	CCLE-U-118 MG-RNA-08	U118MG_CENTRAL_NERVOUS_SYSTEM
U-251 MG	CCLE-U-251 MG-RNA-08	U251MG_CENTRAL_NERVOUS_SYSTEM
U266B1	CCLE-U266B1-RNA-08	U266B1_HAEMATOPOIETIC_AND_LYMPHOID_TISSUE
U-2 OS	CCLE-U-2 OS-RNA-08	U2OS_BONE
U-87 MG	CCLE-U-87 MG-RNA-08	U87MG_CENTRAL_NERVOUS_SYSTEM
U-937	CCLE-U-937-RNA-08	U937_HAEMATOPOIETIC_AND_LYMPHOID_TISSUE
UACC-257	CCLE-UACC-257-RNA-08	UACC257_SKIN
UACC-62	CCLE-UACC-62-RNA-08	UACC62_SKIN
UACC-812	CCLE-UACC-812-RNA-08	UACC812_BREAST
UACC-893	CCLE-UACC-893-RNA-08	UACC893_BREAST
U-BLC1	CCLE-U-BLC1-RNA-08	UBLC1_URINARY_TRACT
UM-UC-1	CCLE-UM-UC-1-RNA-08	UMUC1_URINARY_TRACT
UM-UC-3	CCLE-UM-UC-3-RNA-08	UMUC3_URINARY_TRACT
VCaP	CCLE-VCaP-RNA-08	VCAP_PROSTATE
VM-CUB1	CCLE-VM-CUB1-RNA-08	VMCUB1_URINARY_TRACT
VMRC-RCW	CCLE-VMRC-RCW-RNA-08	VMRCRCW_KIDNEY
VMRC-RCZ	CCLE-VMRC-RCZ-RNA-08	VMRCRCZ_KIDNEY
WM-115	CCLE-WM-115-RNA-08	WM115_SKIN
WM1799	CCLE-WM1799-RNA-08	WM1799_SKIN
WM-266-4	CCLE-WM-266-4-RNA-08	WM2664_SKIN
WM-793	CCLE-WM-793-RNA-08	WM793_SKIN
WM-88	CCLE-WM-88-RNA-08	WM88_SKIN
WSU-DLCL2	CCLE-WSU-DLCL2-RNA-08	WSUDLCL2_HAEMATOPOIETIC_AND_LYMPHOID_TISSUE
YAPC	CCLE-YAPC-RNA-08	YAPC_PANCREAS
YD-10B	CCLE-YD-10B-RNA-08	YD10B_UPPER_AERODIGESTIVE_TRACT
YD-15	CCLE-YD-15-RNA-08	YD15_SALIVARY_GLAND
YD-38	CCLE-YD-38-RNA-08	YD38_UPPER_AERODIGESTIVE_TRACT
YD-8	CCLE-YD-8-RNA-08	YD8_UPPER_AERODIGESTIVE_TRACT
YH-13	CCLE-YH-13-RNA-08	YH13_CENTRAL_NERVOUS_SYSTEM
YKG1	CCLE-YKG1-RNA-08	YKG1_CENTRAL_NERVOUS_SYSTEM
ZR-75-1	CCLE-ZR-75-1-RNA-08	ZR751_BREAST
ZR-75-30	CCLE-ZR-75-30-RNA-08	ZR7530_BREAST
